{"cameraMode":{"drawMode":0,"name":"Shaded","section":"Shading Mode"},"sceneLighting":false,"audioPlay":false,"sceneViewState":{"m_AlwaysRefresh":false,"showFog":true,"showSkybox":false,"showFlares":true,"showImageEffects":true,"showParticleSystems":true,"showVisualEffectGraphs":true,"m_FxEnabled":false},"in2DMode":false,"pivot":{"x":-1.290898084640503,"y":0.42047953605651858,"z":3.2543914318084719},"rotation":{"x":0.09865716099739075,"y":0.793432354927063,"z":-0.13372951745986939,"w":0.5855802893638611},"size":0.8660253882408142,"orthographic":false}